<core:FragmentDefinition xmlns="sap.m" xmlns:core="sap.ui.core">
	<Dialog resizable="true" draggable="true" contentHeight="520px" contentWidth="1100px" title="ContactSet">
		<App>
			<pages>
				<Page title="ContactSet">
					<content>
						<Table id="tablecset" items="{path: 'cset>/'}"
						growing="true"
						growingScrollToLoad="false"
						growingThreshold="100">
							<columns>
								<Column>
									<Text text="FirstName"/>
								</Column>
								<Column>
									<Text text="LastName"/>
								</Column>
								<Column>
									<Text text="Sex"/>
								</Column>
									<Column>
									<Text text="EmailAddress"/>
								</Column>
									<Column>
									<Text text="Language"/>
								</Column>
									<Column>
									<Text text="DateOfBirth"/>
								</Column>
							</columns>
							<items>
								<ColumnListItem id="idcolumnlistitem">
									<cells>
										<Text text="{cset>FirstName}"/>
										<Text text="{cset>LastName}"/>
										<Text text="{cset>Sex}"/>
										<Text text="{cset>EmailAddress}"/>
										<Text text="{cset>Language}"/>
										<Text text="{cset>DateOfBirth}"/>
									</cells>
								</ColumnListItem>
							</items>
						</Table>
					</content>
				</Page>
			</pages>
		</App>
		<buttons>
			<Button text="OK" type="Accept" press="onContactSetOk"/>
		</buttons>
	</Dialog>
</core:FragmentDefinition>