<core:FragmentDefinition xmlns="sap.m" xmlns:core="sap.ui.core" xmlns:viz="sap.viz.ui5.controls" xmlns:viz.data="sap.viz.ui5.data"
	xmlns:viz.feeds="sap.viz.ui5.controls.common.feeds">
	<Dialog resizable="true" draggable="true" contentHeight="520px" contentWidth="1100px" title="Line Graph">
		<App>
			<pages>
				<Page title="Line Graph">
					<content>
						<viz:VizFrame id="idVizFrame" uiConfig="{applicationSet:'fiori'}" height='100%' width="100%" vizType='line'>
							<viz:dataset>
								<viz.data:FlattenedDataset data="{prod>/}">
									<viz.data:dimensions>
										<viz.data:DimensionDefinition name="ProductID" value="{prod>ProductID}"/>
									</viz.data:dimensions>
									<viz.data:measures>
										<viz.data:MeasureDefinition name="Width" value="{prod>Width}"/>
										<viz.data:MeasureDefinition name="Depth" value="{prod>Depth}"/>
									</viz.data:measures>
								</viz.data:FlattenedDataset>
							</viz:dataset>
							<viz:feeds>
								<viz.feeds:FeedItem id='categoryAxisFeed' uid="categoryAxis" type="Dimension" values="ProductID"/>
								<viz.feeds:FeedItem id='valueAxisFeed' uid="valueAxis" type="Measure" values="Width"/>
								<viz.feeds:FeedItem id='valueAxisFeed1' uid="valueAxis" type="Measure" values="Depth"/>
							</viz:feeds>
						</viz:VizFrame>
					</content>
				</Page>
			</pages>
		</App>
		<buttons>
			<Button text="OK" type="Accept" press="onlineOk"/>
		</buttons>
	</Dialog>
</core:FragmentDefinition>