<core:FragmentDefinition xmlns="sap.m" xmlns:core="sap.ui.core" xmlns:viz="sap.viz.ui5.controls" xmlns:viz.data="sap.viz.ui5.data" xmlns:viz.feeds="sap.viz.ui5.controls.common.feeds">
	<Dialog resizable="true" draggable="true" contentHeight="1000px" contentWidth="1000px" title="GraphWaterfall">
		<App>
			<pages>
				<Page title="GraphWaterfall">
					<content>
						<viz:VizFrame id="idVizFramewaterfall" uiConfig="{applicationSet:'fiori'}" height='100%' width="100%" vizType='line'>
							<viz:dataset>
								<viz.data:FlattenedDataset data="{water>/}">
									<viz.data:dimensions>
										<viz.data:DimensionDefinition name="ProductID" value="{water>ProductID}"/>
									</viz.data:dimensions>
									<viz.data:measures>
										<!--<viz.data:MeasureDefinition name="Price" value="{water>Price}"/>-->
										<viz.data:MeasureDefinition name="WeightMeasure" value="{water>WeightMeasure}"/>
										<!--	<viz.data:MeasureDefinition name="Width" value="{water>Width}"/>-->
									</viz.data:measures>
								</viz.data:FlattenedDataset>
							</viz:dataset>
							<viz:feeds>
								<!--<viz.feeds:FeedItem id='valueAxisFeed' uid="valueAxis" type="Measure" values="Price"/>-->
								<viz.feeds:FeedItem id='valueAxisFeed1' uid="valueAxis" type="Measure" values="WeightMeasure"/>
								<!--	<viz.feeds:FeedItem id='valueAxisFeed11' uid="valueAxis" type="Measure" values="Width"/>-->
								<viz.feeds:FeedItem id='categoryAxisFeed' uid="categoryAxis" type="Dimension" values="ProductID"/>
							</viz:feeds>
						</viz:VizFrame>
					</content>
				</Page>
			</pages>
		</App>
		<buttons>
			<Button text="OK" type="Accept" press="onWaterfallOk"/>
		</buttons>
	</Dialog>
</core:FragmentDefinition>