<core:FragmentDefinition xmlns="sap.m" xmlns:core="sap.ui.core">
	<Dialog resizable="true" draggable="true" contentHeight="520px" contentWidth="1100px" title="Data1">
		<App>
			<pages>
				<Page title="Data2">
					<content>
						<Table id="tableowntable" items="{path: 'own>/results'}">
							<columns>
								<Column>
									<Text text="pid"/>
								</Column>
								<Column>
									<Text text="price"/>
								</Column>
								<Column>
									<Text text="mrp"/>
								</Column>
							</columns>
							<items>
								<ColumnListItem>
									<cells>
										<Text text="{own>pid}"/>
										<Text text="{own>price}"/>
										<Text text="{own>mrp}"/>
									</cells>
								</ColumnListItem>
							</items>
						</Table>
						<Button id="idbut7" text="ToObjectView" press="action" xmlns:action="http://schemas.sap.com/sapui5/extension/sap.ui.core.CustomData/1" action:wiring="\{'press':\{'navigation':\{'routeName':'Object'\}\}\}"/>
					</content>
				</Page>
			</pages>
		</App>
		<buttons>
			<Button text="OK" type="Accept" press="onowntableOk"/>
		</buttons>
	</Dialog>
</core:FragmentDefinition>