<core:FragmentDefinition xmlns="sap.m" xmlns:core="sap.ui.core" >
	<Dialog resizable="true" draggable="true" 
	contentHeight="520px" contentWidth="1100px" title="Supplier Data">
		<App>
			<pages>
				<Page title="Supplier Data">
					<content>
	
	
	<Table id="tablesupp"	items="{path: 'sup>/res1'}"
	growing="true"
	growingThreshold="50"
	growingScrollToLoad="false">		
		<columns>
			<Column>
				<Text text="BusinessPartnerID" />
			</Column>
			<Column>
				<Text text="CompanyName" />
			</Column>
			<Column>
				<Text text="City" />
			</Column>
			<Column>
				<Text text="PostalCode" />
			</Column>
		</columns>
		<items>
			<ColumnListItem>
				<cells>
					<Text	text="{sup>BusinessPartnerID}" />
					<Text	text="{sup>CompanyName}" />
					<Text	text="{sup>Address/City}" />									
					<Text	text="{sup>Address/PostalCode}" />
				</cells>
			</ColumnListItem>
		</items>
	</Table>
					</content>
			</Page>
			</pages>
		</App>
		<buttons>
			<Button text="OK" type="Accept" press="onsuppOk"/>
		</buttons>
	</Dialog>
</core:FragmentDefinition>