<core:FragmentDefinition xmlns="sap.m" xmlns:core="sap.ui.core" >
	<Dialog resizable="true" draggable="true" contentHeight="520px" 
	contentWidth="1100px" title="VH_Country">
		<App>
			<pages>
				<Page title="VH_Country">
					<content>
	<Table id="tablevhcountry"	items="{path: 'count>/allres'}"
	growing="true"
	growingScrollToLoad="false"
	growingThreshold="50">		
		<columns>
			<Column>
				<Text text="Land1" />
			</Column>
			<Column>
				<Text text="Landx" />
			</Column>
			<Column>
				<Text text="Natio" />
			</Column>				
				<Column>
				<Text text="c" />
			</Column>
			<Column>
				<Select id="idsel11" items="{path: 'count>/allres'}" >
					<core:Item key="" text="{count>c}" />
				</Select>
			</Column>
		</columns>
		<items>
			<ColumnListItem>
				<cells>
					<Text	text="{count>land1}" />
					<Text	text="{count>landx}" />
					<Text	text="{count>natio}" />									
					<Text	text="{count>c}" />	
				</cells>
			</ColumnListItem>
		</items>
	</Table>					
					</content>
			</Page>
			</pages>
		</App>
		<buttons>
			<Button text="OK" type="Accept" press="onCountryOk"/>
		</buttons>
	</Dialog>
</core:FragmentDefinition>
