{
	"run": [
		{
			"filePath": "/ZSAPUI5_Proj06_FullScreenWL/webapp/test/flpSandbox.html",
			"previewMode": 1,
			"dataMode": 1,
			"workspace": "withoutWorkspace",
			"urlParameters": [
				{
					"paramName": "",
					"paramValue": "",
					"paramActive": false
				},
				{
					"paramName": "",
					"paramValue": "",
					"paramActive": false
				}
			],
			"hashParameter": "EMAXFullScreenWLAPP-display",
			"ui5ActiveVersion": null,
			"ui5VerSource": null,
			"isDefaultVersion": 1,
			"_metadata": {
				"id": 1978925,
				"runnerId": "webapprunner",
				"displayName": "App in FLP Sandbox"
			}
		},
		{
			"filePath": "/ZSAPUI5_Proj06_FullScreenWL/webapp/test/flpSandboxMockServer.html",
			"previewMode": 1,
			"dataMode": 1,
			"workspace": "withoutWorkspace",
			"urlParameters": [
				{
					"paramName": "",
					"paramValue": "",
					"paramActive": false
				},
				{
					"paramName": "",
					"paramValue": "",
					"paramActive": false
				}
			],
			"hashParameter": "EMAXFullScreenWLAPP-display",
			"ui5ActiveVersion": null,
			"ui5VerSource": null,
			"isDefaultVersion": 1,
			"_metadata": {
				"id": 1978926,
				"runnerId": "webapprunner",
				"displayName": "App in FLP Sandbox (Mock Server)"
			}
		},
		{
			"filePath": "/ZSAPUI5_Proj06_FullScreenWL/webapp/test/unit/unitTests.qunit.html",
			"previewMode": 1,
			"dataMode": 1,
			"workspace": "withoutWorkspace",
			"ui5ActiveVersion": null,
			"ui5VerSource": null,
			"isDefaultVersion": 1,
			"urlParameters": [
				{
					"paramName": "",
					"paramValue": "",
					"paramActive": false
				},
				{
					"paramName": "",
					"paramValue": "",
					"paramActive": false
				}
			],
			"_metadata": {
				"id": 8735167,
				"runnerId": "webapprunner",
				"displayName": "Unit Tests"
			}
		},
		{
			"filePath": "/ZSAPUI5_Proj06_FullScreenWL/webapp/test/integration/opaTests.qunit.html",
			"previewMode": 1,
			"dataMode": 1,
			"workspace": "withoutWorkspace",
			"ui5ActiveVersion": null,
			"ui5VerSource": null,
			"isDefaultVersion": 1,
			"urlParameters": [
				{
					"paramName": "",
					"paramValue": "",
					"paramActive": false
				},
				{
					"paramName": "",
					"paramValue": "",
					"paramActive": false
				}
			],
			"hashParameter": "",
			"_metadata": {
				"id": 3635224,
				"runnerId": "webapprunner",
				"displayName": "OPA Tests"
			}
		},
		{
			"filePath": "/ZSAPUI5_Proj06_FullScreenWL/webapp/test/testsuite.qunit.html",
			"previewMode": 1,
			"dataMode": 1,
			"workspace": "withoutWorkspace",
			"ui5ActiveVersion": null,
			"ui5VerSource": null,
			"isDefaultVersion": 1,
			"urlParameters": [
				{
					"paramName": "",
					"paramValue": "",
					"paramActive": false
				},
				{
					"paramName": "",
					"paramValue": "",
					"paramActive": false
				}
			],
			"hashParameter": "",
			"_metadata": {
				"id": 7524840,
				"runnerId": "webapprunner",
				"displayName": "Test Suite (Unit, OPA)"
			}
		},
		{
			"filePath": "/ZSAPUI5_Proj06_FullScreenWL/webapp/Component.js",
			"previewMode": 1,
			"dataMode": 1,
			"workspace": "withoutWorkspace",
			"ui5ActiveVersion": null,
			"ui5VerSource": null,
			"isDefaultVersion": 1,
			"urlParameters": [
				{
					"paramName": "",
					"paramValue": "",
					"paramActive": false
				},
				{
					"paramName": "",
					"paramValue": "",
					"paramActive": false
				}
			],
			"hashParameter": "",
			"_metadata": {
				"id": 5239014,
				"runnerId": "fiorirunner",
				"displayName": "App as Fiori Component"
			}
		}
	]
}