{
  "routes": [
    {
      "path": "/webapp/resources",
      "target": {
        "type": "service",
        "name": "sapui5",
        "entryPath": "/resources",
        "version": "1.44.45"
      },
      "description": "SAPUI5 Resources"
    },
    {
      "path": "/webapp/test-resources",
      "target": {
        "type": "service",
        "name": "sapui5",
        "entryPath": "/test-resources",
        "version": "1.44.45"
      },
      "description": "SAPUI5 Test Resources"
    },
    {
      "path": "/resources",
      "target": {
        "type": "service",
        "name": "sapui5",
        "entryPath": "/resources",
        "version": "1.44.45"
      },
      "description": "SAPUI5 Resources"
    },
    {
      "path": "/test-resources",
      "target": {
        "type": "service",
        "name": "sapui5",
        "entryPath": "/test-resources",
        "version": "1.44.45"
      },
      "description": "SAPUI5 Test Resources"
    },
    {
      "path": "/emax_sapodata",
      "target": {
        "type": "destination",
        "name": "emax_sapodata"
      },
      "description": "emax_sapodata"
    },
    {
      "path": "/emax_northwind",
      "target": {
        "type": "destination",
        "name": "emax_northwind"
      },
      "description": "emax_northwind"
    },
    {
      "path": "/SAPODataEMAX",
      "target": {
        "type": "destination",
        "name": "SAPODataEMAX"
      },
      "description": "SAPODataEMAX"
    }
  ]
}